{
	"title":"Msgs",
	"length":14,
	"data":[
		{
			"title":"John Doe",
			"image":"styles/img/avatars/4.png",
			"time":"2 minutes ago",
			"subject":"Msed quia non numquam eius modi tempora",
			"message":"Hello again and thanks for being a part of the newsletter.",
			"status":"unread"
		},
		{
			"title":"Sonya Birthday",
			"image":"styles/img/avatars/female.png",
			"time":"Thursday, September 19th",
			"subject":"Incidunt ut labor",
			"message":"sed quia non numquam eius modi tempora incidunt ut labor",
			"status":"read"
		},
		{
			"title":"Cristina Algera",
			"image":"styles/img/avatars/1.png",
			"time":"TSunday, September 15th",
			"subject":"Best-Selling Teethers",
			"message":"ullam corporis suscipit laboriosam, nisi ut aliquid ex ea commodi consequatur?",
			"status":"read"
		},
		{
			"title":"Lam Tampora",
			"image":"styles/img/avatars/male.png",
			"time":"TSunday, September 14th",
			"subject":"Deadline due date",
			"message":"mus qui blanditiis praesentium voluptatum deleniti atque corrup",
			"status":"read"
		},
		{
			"title":"Project approved! ",
			"image":"styles/img/avatars/sunny.png",
			"time":"TSunday, June 14th",
			"subject":"Et harum quidem rerum facilis est et expedita distinctio",
			"message":"...",
			"status":"read"
		}
	]
}